{
 "0.5": {
  "omegas": [
   80.0,
   81.0,
   82.0,
   83.0,
   84.0,
   85.0,
   86.0,
   87.0,
   88.0,
   89.0,
   90.0,
   91.0,
   92.0,
   93.0,
   94.0,
   95.0,
   96.0,
   97.0,
   98.0,
   99.0,
   100.0
  ],
  "Energy": [
   0.9978729817707148,
   0.9978531719387289,
   0.997833504791219,
   0.997813978792468,
   0.997794592422591,
   0.9977753441775354,
   0.9977562325796349,
   0.9977372561828882,
   0.9977184135465706,
   0.9976997032563453,
   0.9976811239137066,
   0.9976626741465361,
   0.9976443526038254,
   0.9976261579451203,
   0.9976080888457988,
   0.9975901440129029,
   0.9975723221640302,
   0.9975546220326095,
   0.9975370423731799,
   0.9975195819561119,
   0.9975022395623315
  ],
  "StagXStagYMag2": [
   0.9999239165106605,
   0.999924675726241,
   0.9999254265179925,
   0.999926169007195,
   0.9999269033130732,
   0.999927629556907,
   0.9999283478538097,
   0.9999290583188949,
   0.9999297610611091,
   0.9999304561955654,
   0.9999311438270992,
   0.9999318240626016,
   0.9999324970089637,
   0.9999331627648536,
   0.9999338214330513,
   0.9999344731142811,
   0.9999351179031001,
   0.9999357558961215,
   0.9999363871879027,
   0.9999370118709453,
   0.9999376300356956
  ],
  "PhotonNum": [
   0.000376734360514,
   0.00037401583351,
   0.000371326743075,
   0.000368666664114,
   0.000366035179206,
   0.000363431878437,
   0.00036085635924,
   0.000358308226237,
   0.000355787091084,
   0.000353292572318,
   0.000350824295217,
   0.000348381891652,
   0.000345964999951,
   0.000343573264759,
   0.000341206336911,
   0.000338863873298,
   0.000336545536743,
   0.000334250995879,
   0.000331979925026,
   0.000329732004076,
   0.00032750691838
  ]
 },
 "1": {
  "omegas": [
   80.0,
   81.0,
   82.0,
   83.0,
   84.0,
   85.0,
   86.0,
   87.0,
   88.0,
   89.0,
   90.0,
   91.0,
   92.0,
   93.0,
   94.0,
   95.0,
   96.0,
   97.0,
   98.0,
   99.0,
   100.0
  ],
  "Energy": [
   0.9911184504695365,
   0.9910436881579433,
   0.9909694634159318,
   0.990895770454218,
   0.9908226035732334,
   0.990749957136738,
   0.9906778256034847,
   0.9906062035008322,
   0.9905350854405772,
   0.9904644661084001,
   0.9903943402638637,
   0.9903247027404154,
   0.9902555484453849,
   0.9901868723494305,
   0.9901186695023716,
   0.9900509350120785,
   0.9899836640708596,
   0.9899168519132424,
   0.9898504938581921,
   0.9897845852827258,
   0.9897191216271884
  ],
  "StagXStagYMag2": [
   0.9996958563960769,
   0.9996975130536805,
   0.9996991367724269,
   0.9997007281237715,
   0.9997022876730031,
   0.9997038159689654,
   0.9997053135543359,
   0.9997067809594576,
   0.9997082187023412,
   0.9997096272948292,
   0.9997110072364316,
   0.99971235901638,
   0.9997136831156836,
   0.9997149800071296,
   0.9997162501532264,
   0.9997174940082609,
   0.9997187120162416,
   0.9997199046150103,
   0.9997210722341862,
   0.9997222152951665,
   0.9997233342070145
  ],
  "PhotonNum": [
   0.00142178656428,
   0.00141154476102,
   0.00140141349867,
   0.0013913911884,
   0.00138147626988,
   0.00137166721067,
   0.00136196250564,
   0.00135236067636,
   0.00134286027057,
   0.00133345986158,
   0.00132415804777,
   0.00131495345202,
   0.00130584472126,
   0.00129683052589,
   0.00128790955936,
   0.00127908053764,
   0.00127034219879,
   0.00126169330249,
   0.0012531326296,
   0.00124465898171,
   0.00123627118074
  ]
 }
}